wordpair,accessibility,distinctiveness,Clue1,Word1_x,Word2_x,Board,Experiment_x,correctedClue,correctedClue_in_vocab,Word1_y,Word2_y,Experiment_y,boardnames,Level
exam-algebra,high,high,school,EXAM,ALGEBRA,TrialList1,E1,school,True,exam,algebra,E1,e1_board1_words,Easy
exam-algebra,low,low,calculus,EXAM,ALGEBRA,TrialList1,E1,calculus,True,exam,algebra,E1,e1_board1_words,Easy
exam-algebra,high,low,test,EXAM,ALGEBRA,TrialList1,E1,test,True,exam,algebra,E1,e1_board1_words,Easy
exam-algebra,low,high,math,EXAM,ALGEBRA,TrialList1,E1,math,True,exam,algebra,E1,e1_board1_words,Easy
giggle-abnormal,high,high,funny,GIGGLE,ABNORMAL,TrialList1,E1,funny,True,giggle,abnormal,E1,e1_board1_words,Medium
giggle-abnormal,low,low,standout,GIGGLE,ABNORMAL,TrialList1,E1,standout,False,giggle,abnormal,E1,e1_board1_words,Medium
giggle-abnormal,high,low,happy,GIGGLE,ABNORMAL,TrialList1,E1,happy,True,giggle,abnormal,E1,e1_board1_words,Medium
giggle-abnormal,low,high,quirky,GIGGLE,ABNORMAL,TrialList1,E1,quirky,True,giggle,abnormal,E1,e1_board1_words,Medium
void-couch,high,high,sit,VOID,COUCH,TrialList1,E1,sit,True,void,couch,E1,e1_board1_words,Hard
void-couch,low,low,sedentary,VOID,COUCH,TrialList1,E1,sedentary,False,void,couch,E1,e1_board1_words,Hard
void-couch,high,low,move,VOID,COUCH,TrialList1,E1,move,True,void,couch,E1,e1_board1_words,Hard
void-couch,low,high,empty,VOID,COUCH,TrialList1,E1,empty,True,void,couch,E1,e1_board1_words,Hard
pendulum-dusk,high,high,time,PENDULUM,DUSK,TrialList10,E1,time,True,pendulum,dusk,E1,e1_board10_words,Hard
pendulum-dusk,low,low,repetitious,PENDULUM,DUSK,TrialList10,E1,repetitious,False,pendulum,dusk,E1,e1_board10_words,Hard
pendulum-dusk,high,low,right,PENDULUM,DUSK,TrialList10,E1,right,True,pendulum,dusk,E1,e1_board10_words,Hard
pendulum-dusk,low,high,evening,PENDULUM,DUSK,TrialList10,E1,evening,True,pendulum,dusk,E1,e1_board10_words,Hard
tea-bean,high,high,coffee,TEA,BEAN,TrialList10,E1,coffee,True,tea,bean,E1,e1_board10_words,Easy
tea-bean,low,low,boston,TEA,BEAN,TrialList10,E1,Boston,True,tea,bean,E1,e1_board10_words,Easy
tea-bean,high,low,time,TEA,BEAN,TrialList10,E1,time,True,tea,bean,E1,e1_board10_words,Easy
tea-bean,low,high,food,TEA,BEAN,TrialList10,E1,food,True,tea,bean,E1,e1_board10_words,Easy
tourist-comedy,high,high,funny,TOURIST,COMEDY,TrialList10,E1,funny,True,tourist,comedy,E1,e1_board10_words,Medium
tourist-comedy,low,low,las vegas,TOURIST,COMEDY,TrialList10,E1,Las Vegas,True,tourist,comedy,E1,e1_board10_words,Medium
tourist-comedy,high,low,show,TOURIST,COMEDY,TrialList10,E1,show,True,tourist,comedy,E1,e1_board10_words,Medium
tourist-comedy,low,high,entertain,TOURIST,COMEDY,TrialList10,E1,entertain,True,tourist,comedy,E1,e1_board10_words,Medium
beginning-brake,high,high,start,BEGINNING,BRAKE,TrialList2,E1,start,True,beginning,brake,E1,e1_board2_words,Hard
beginning-brake,low,low,stoplight,BEGINNING,BRAKE,TrialList2,E1,stoplight,True,beginning,brake,E1,e1_board2_words,Hard
beginning-brake,high,low,time,BEGINNING,BRAKE,TrialList2,E1,time,True,beginning,brake,E1,e1_board2_words,Hard
beginning-brake,low,high,end,BEGINNING,BRAKE,TrialList2,E1,end,True,beginning,brake,E1,e1_board2_words,Hard
birds-aircraft,high,high,flight,BIRDS,AIRCRAFT,TrialList2,E1,flight,True,birds,aircraft,E1,e1_board2_words,Easy
birds-aircraft,low,low,turbine,BIRDS,AIRCRAFT,TrialList2,E1,turbine,False,birds,aircraft,E1,e1_board2_words,Easy
birds-aircraft,high,low,fly,BIRDS,AIRCRAFT,TrialList2,E1,fly,True,birds,aircraft,E1,e1_board2_words,Easy
birds-aircraft,low,high,sky,BIRDS,AIRCRAFT,TrialList2,E1,sky,True,birds,aircraft,E1,e1_board2_words,Easy
school-stop,high,high,class,SCHOOL,STOP,TrialList2,E1,class,True,school,stop,E1,e1_board2_words,Medium
school-stop,low,low,washu,SCHOOL,STOP,TrialList2,E1,washu,False,school,stop,E1,e1_board2_words,Medium
school-stop,high,low,end,SCHOOL,STOP,TrialList2,E1,end,True,school,stop,E1,e1_board2_words,Medium
school-stop,low,high,education,SCHOOL,STOP,TrialList2,E1,education,True,school,stop,E1,e1_board2_words,Medium
circle-dance,high,high,round,CIRCLE,DANCE,TrialList3,E1,round,True,circle,dance,E1,e1_board3_words,Easy
circle-dance,low,low,moshpit,CIRCLE,DANCE,TrialList3,E1,moshpit,False,circle,dance,E1,e1_board3_words,Easy
circle-dance,high,low,move,CIRCLE,DANCE,TrialList3,E1,move,True,circle,dance,E1,e1_board3_words,Easy
circle-dance,low,high,twirl,CIRCLE,DANCE,TrialList3,E1,twirl,True,circle,dance,E1,e1_board3_words,Easy
famine-calorie,high,high,food,FAMINE,CALORIE,TrialList3,E1,food,True,famine,calorie,E1,e1_board3_words,Medium
famine-calorie,low,low,deficit,FAMINE,CALORIE,TrialList3,E1,deficit,True,famine,calorie,E1,e1_board3_words,Medium
famine-calorie,high,low,diet,FAMINE,CALORIE,TrialList3,E1,diet,True,famine,calorie,E1,e1_board3_words,Medium
famine-calorie,low,high,hunger,FAMINE,CALORIE,TrialList3,E1,hunger,True,famine,calorie,E1,e1_board3_words,Medium
hundred-economy,high,high,money,HUNDRED,ECONOMY,TrialList3,E1,money,True,hundred,economy,E1,e1_board3_words,Hard
hundred-economy,low,low,benjamin,HUNDRED,ECONOMY,TrialList3,E1,benjamin,False,hundred,economy,E1,e1_board3_words,Hard
hundred-economy,high,low,number,HUNDRED,ECONOMY,TrialList3,E1,number,True,hundred,economy,E1,e1_board3_words,Hard
hundred-economy,low,high,dollars,HUNDRED,ECONOMY,TrialList3,E1,dollars,True,hundred,economy,E1,e1_board3_words,Hard
corpse-fight,high,high,dead,CORPSE,FIGHT,TrialList4,E1,dead,True,corpse,fight,E1,e1_board4_words,Hard
corpse-fight,low,low,hamilton,CORPSE,FIGHT,TrialList4,E1,hamilton,False,corpse,fight,E1,e1_board4_words,Hard
corpse-fight,high,low,kill,CORPSE,FIGHT,TrialList4,E1,kill,True,corpse,fight,E1,e1_board4_words,Hard
corpse-fight,low,high,death,CORPSE,FIGHT,TrialList4,E1,death,True,corpse,fight,E1,e1_board4_words,Hard
graph-copy,high,high,paper,GRAPH,COPY,TrialList4,E1,paper,True,graph,copy,E1,e1_board4_words,Medium
graph-copy,low,low,microsoft,GRAPH,COPY,TrialList4,E1,Microsoft,True,graph,copy,E1,e1_board4_words,Medium
graph-copy,high,low,work,GRAPH,COPY,TrialList4,E1,work,True,graph,copy,E1,e1_board4_words,Medium
graph-copy,low,high,math,GRAPH,COPY,TrialList4,E1,math,True,graph,copy,E1,e1_board4_words,Medium
kitchen-egg,high,high,cook,KITCHEN,EGG,TrialList4,E1,cook,True,kitchen,egg,E1,e1_board4_words,Easy
kitchen-egg,low,low,domestic,KITCHEN,EGG,TrialList4,E1,domestic,True,kitchen,egg,E1,e1_board4_words,Easy
kitchen-egg,high,low,food,KITCHEN,EGG,TrialList4,E1,food,True,kitchen,egg,E1,e1_board4_words,Easy
kitchen-egg,low,high,omelet,KITCHEN,EGG,TrialList4,E1,omelet,True,kitchen,egg,E1,e1_board4_words,Easy
homeless-apartment,high,high,house,HOMELESS,APARTMENT,TrialList5,E1,house,True,homeless,apartment,E1,e1_board5_words,Easy
homeless-apartment,low,low,price control,HOMELESS,APARTMENT,TrialList5,E1,price,True,homeless,apartment,E1,e1_board5_words,Easy
homeless-apartment,high,low,live,HOMELESS,APARTMENT,TrialList5,E1,live,True,homeless,apartment,E1,e1_board5_words,Easy
homeless-apartment,low,high,residence,HOMELESS,APARTMENT,TrialList5,E1,residence,True,homeless,apartment,E1,e1_board5_words,Easy
near-astronaut,high,high,far,NEAR,ASTRONAUT,TrialList5,E1,far,True,near,astronaut,E1,e1_board5_words,Hard
near-astronaut,low,low,space station,NEAR,ASTRONAUT,TrialList5,E1,space,True,near,astronaut,E1,e1_board5_words,Hard
near-astronaut,high,low,train,NEAR,ASTRONAUT,TrialList5,E1,train,True,near,astronaut,E1,e1_board5_words,Hard
near-astronaut,low,high,space,NEAR,ASTRONAUT,TrialList5,E1,space,True,near,astronaut,E1,e1_board5_words,Hard
onion-cigarette,high,high,smell,ONION,CIGARETTE,TrialList5,E1,smell,True,onion,cigarette,E1,e1_board5_words,Medium
onion-cigarette,low,low,halitosis,ONION,CIGARETTE,TrialList5,E1,halitosis,False,onion,cigarette,E1,e1_board5_words,Medium
onion-cigarette,high,low,mouth,ONION,CIGARETTE,TrialList5,E1,mouth,True,onion,cigarette,E1,e1_board5_words,Medium
onion-cigarette,low,high,pungent,ONION,CIGARETTE,TrialList5,E1,pungent,True,onion,cigarette,E1,e1_board5_words,Medium
definition-assist,high,high,help,DEFINITION,ASSIST,TrialList6,E1,help,True,definition,assist,E1,e1_board6_words,Hard
definition-assist,low,low,rondo,DEFINITION,ASSIST,TrialList6,E1,rondo,False,definition,assist,E1,e1_board6_words,Hard
definition-assist,high,low,explain,DEFINITION,ASSIST,TrialList6,E1,explain,True,definition,assist,E1,e1_board6_words,Hard
definition-assist,low,high,dictionary,DEFINITION,ASSIST,TrialList6,E1,dictionary,True,definition,assist,E1,e1_board6_words,Hard
pants-collar,high,high,clothes,PANTS,COLLAR,TrialList6,E1,clothes,True,pants,collar,E1,e1_board6_words,Easy
pants-collar,low,low,apparel,PANTS,COLLAR,TrialList6,E1,apparel,True,pants,collar,E1,e1_board6_words,Easy
pants-collar,high,low,suit,PANTS,COLLAR,TrialList6,E1,suit,True,pants,collar,E1,e1_board6_words,Easy
pants-collar,low,high,shirt,PANTS,COLLAR,TrialList6,E1,shirt,True,pants,collar,E1,e1_board6_words,Easy
war-quiet,high,high,peace,WAR,QUIET,TrialList6,E1,peace,True,war,quiet,E1,e1_board6_words,Medium
war-quiet,low,low,ceasefire,WAR,QUIET,TrialList6,E1,ceasefire,False,war,quiet,E1,e1_board6_words,Medium
war-quiet,high,low,death,WAR,QUIET,TrialList6,E1,death,True,war,quiet,E1,e1_board6_words,Medium
war-quiet,low,high,silence,WAR,QUIET,TrialList6,E1,silence,True,war,quiet,E1,e1_board6_words,Medium
flat-alike,high,high,same,FLAT,ALIKE,TrialList7,E1,same,True,flat,alike,E1,e1_board7_words,Hard
flat-alike,low,low,kansas,FLAT,ALIKE,TrialList7,E1,Kansas,True,flat,alike,E1,e1_board7_words,Hard
flat-alike,high,low,feet,FLAT,ALIKE,TrialList7,E1,feet,True,flat,alike,E1,e1_board7_words,Hard
flat-alike,low,high,similar,FLAT,ALIKE,TrialList7,E1,similar,True,flat,alike,E1,e1_board7_words,Hard
heavy-feather,high,high,weight,HEAVY,FEATHER,TrialList7,E1,weight,True,heavy,feather,E1,e1_board7_words,Medium
heavy-feather,low,low,antonym,HEAVY,FEATHER,TrialList7,E1,antonym,False,heavy,feather,E1,e1_board7_words,Medium
heavy-feather,high,low,might,HEAVY,FEATHER,TrialList7,E1,might,True,heavy,feather,E1,e1_board7_words,Medium
heavy-feather,low,high,eagle,HEAVY,FEATHER,TrialList7,E1,eagle,True,heavy,feather,E1,e1_board7_words,Medium
perjury-adultery,high,high,wrong,PERJURY,ADULTERY,TrialList7,E1,wrong,True,perjury,adultery,E1,e1_board7_words,Easy
perjury-adultery,low,low,trump,PERJURY,ADULTERY,TrialList7,E1,trump,True,perjury,adultery,E1,e1_board7_words,Easy
perjury-adultery,high,low,law,PERJURY,ADULTERY,TrialList7,E1,law,True,perjury,adultery,E1,e1_board7_words,Easy
perjury-adultery,low,high,cheat,PERJURY,ADULTERY,TrialList7,E1,cheat,True,perjury,adultery,E1,e1_board7_words,Easy
bad-actress,high,high,movie,BAD,ACTRESS,TrialList8,E1,movie,True,bad,actress,E1,e1_board8_words,Medium
bad-actress,low,low,imitator,BAD,ACTRESS,TrialList8,E1,imitate,True,bad,actress,E1,e1_board8_words,Medium
bad-actress,high,low,music,BAD,ACTRESS,TrialList8,E1,music,True,bad,actress,E1,e1_board8_words,Medium
bad-actress,low,high,drama,BAD,ACTRESS,TrialList8,E1,drama,True,bad,actress,E1,e1_board8_words,Medium
breeze-bubble,high,high,air,BREEZE,BUBBLE,TrialList8,E1,air,True,breeze,bubble,E1,e1_board8_words,Easy
breeze-bubble,low,low,effect,BREEZE,BUBBLE,TrialList8,E1,effect,True,breeze,bubble,E1,e1_board8_words,Easy
breeze-bubble,high,low,outside,BREEZE,BUBBLE,TrialList8,E1,outside,True,breeze,bubble,E1,e1_board8_words,Easy
breeze-bubble,low,high,wind,BREEZE,BUBBLE,TrialList8,E1,wind,True,breeze,bubble,E1,e1_board8_words,Easy
communicate-cooking,high,high,talk,COMMUNICATE,COOKING,TrialList8,E1,talk,True,communicate,cooking,E1,e1_board8_words,Hard
communicate-cooking,low,low,ramsey,COMMUNICATE,COOKING,TrialList8,E1,ramsey,False,communicate,cooking,E1,e1_board8_words,Hard
communicate-cooking,high,low,tell,COMMUNICATE,COOKING,TrialList8,E1,tell,True,communicate,cooking,E1,e1_board8_words,Hard
communicate-cooking,low,high,recipe,COMMUNICATE,COOKING,TrialList8,E1,recipe,True,communicate,cooking,E1,e1_board8_words,Hard
bat-bounce,high,high,ball,BAT,BOUNCE,TrialList9,E1,ball,True,bat,bounce,E1,e1_board9_words,Easy
bat-bounce,low,low,echolocation,BAT,BOUNCE,TrialList9,E1,echolocation,False,bat,bounce,E1,e1_board9_words,Easy
bat-bounce,high,low,move,BAT,BOUNCE,TrialList9,E1,move,True,bat,bounce,E1,e1_board9_words,Easy
bat-bounce,low,high,sport,BAT,BOUNCE,TrialList9,E1,sport,True,bat,bounce,E1,e1_board9_words,Easy
lunch-almond,high,high,food,LUNCH,ALMOND,TrialList9,E1,food,True,lunch,almond,E1,e1_board9_words,Medium
lunch-almond,low,low,allergy,LUNCH,ALMOND,TrialList9,E1,allergy,True,lunch,almond,E1,e1_board9_words,Medium
lunch-almond,high,low,milk,LUNCH,ALMOND,TrialList9,E1,milk,True,lunch,almond,E1,e1_board9_words,Medium
lunch-almond,low,high,snack,LUNCH,ALMOND,TrialList9,E1,snack,True,lunch,almond,E1,e1_board9_words,Medium
toes-Dracula,high,high,body,TOES,Dracula,TrialList9,E1,body,True,toes,Dracula,E1,e1_board9_words,Hard
toes-Dracula,low,low,fetish,TOES,Dracula,TrialList9,E1,fetish,True,toes,Dracula,E1,e1_board9_words,Hard
toes-Dracula,high,low,person,TOES,Dracula,TrialList9,E1,person,True,toes,Dracula,E1,e1_board9_words,Hard
toes-Dracula,low,high,vampire,TOES,Dracula,TrialList9,E1,vampire,True,toes,Dracula,E1,e1_board9_words,Hard
cave-knight,high,high,castle,CAVE,KNIGHT,TrialList1,E2,castle,True,cave,knight,E2,e2_board1_words,Hard
cave-knight,low,low,opposite,CAVE,KNIGHT,TrialList1,E2,opposite,True,cave,knight,E2,e2_board1_words,Hard
cave-knight,high,low,dark,CAVE,KNIGHT,TrialList1,E2,dark,True,cave,knight,E2,e2_board1_words,Hard
cave-knight,low,high,medieval,CAVE,KNIGHT,TrialList1,E2,medieval,True,cave,knight,E2,e2_board1_words,Hard
quick-glow,high,high,light,QUICK,GLOW,TrialList1,E2,light,True,quick,glow,E2,e2_board1_words,Medium
quick-glow,low,low,firework,QUICK,GLOW,TrialList1,E2,firework,True,quick,glow,E2,e2_board1_words,Medium
quick-glow,high,low,fire,QUICK,GLOW,TrialList1,E2,fire,True,quick,glow,E2,e2_board1_words,Medium
quick-glow,low,high,flash,QUICK,GLOW,TrialList1,E2,flash,True,quick,glow,E2,e2_board1_words,Medium
tree-oak,high,high,forest,TREE,OAK,TrialList1,E2,forest,True,tree,oak,E2,e2_board1_words,Easy
tree-oak,low,low,deciduous,TREE,OAK,TrialList1,E2,deciduous,False,tree,oak,E2,e2_board1_words,Easy
tree-oak,high,low,green,TREE,OAK,TrialList1,E2,green,True,tree,oak,E2,e2_board1_words,Easy
tree-oak,low,high,maple,TREE,OAK,TrialList1,E2,maple,True,tree,oak,E2,e2_board1_words,Easy
chair-table,high,high,sit,CHAIR,TABLE,TrialList10,E2,sit,True,chair,table,E2,e2_board10_words,Easy
chair-table,low,low,mealtime,CHAIR,TABLE,TrialList10,E2,meal,True,chair,table,E2,e2_board10_words,Easy
chair-table,high,low,dinner,CHAIR,TABLE,TrialList10,E2,dinner,True,chair,table,E2,e2_board10_words,Easy
chair-table,low,high,furniture,CHAIR,TABLE,TrialList10,E2,furniture,True,chair,table,E2,e2_board10_words,Easy
feet-chapel,high,high,god,FEET,CHAPEL,TrialList10,E2,God,True,feet,chapel,E2,e2_board10_words,Medium
feet-chapel,low,low,david,FEET,CHAPEL,TrialList10,E2,David,True,feet,chapel,E2,e2_board10_words,Medium
feet-chapel,high,low,stand,FEET,CHAPEL,TrialList10,E2,stand,True,feet,chapel,E2,e2_board10_words,Medium
feet-chapel,low,high,kneel,FEET,CHAPEL,TrialList10,E2,kneel,True,feet,chapel,E2,e2_board10_words,Medium
garage-bone,high,high,back,GARAGE,BONE,TrialList10,E2,back,True,garage,bone,E2,e2_board10_words,Hard
garage-bone,low,low,snoopy,GARAGE,BONE,TrialList10,E2,snoopy,True,garage,bone,E2,e2_board10_words,Hard
garage-bone,high,low,car,GARAGE,BONE,TrialList10,E2,car,True,garage,bone,E2,e2_board10_words,Hard
garage-bone,low,high,tool,GARAGE,BONE,TrialList10,E2,tool,True,garage,bone,E2,e2_board10_words,Hard
gold-silver,high,high,jewelry,GOLD,SILVER,TrialList2,E2,jewelry,True,gold,silver,E2,e2_board2_words,Easy
gold-silver,low,low,commodity,GOLD,SILVER,TrialList2,E2,commodity,False,gold,silver,E2,e2_board2_words,Easy
gold-silver,high,low,money,GOLD,SILVER,TrialList2,E2,money,True,gold,silver,E2,e2_board2_words,Easy
gold-silver,low,high,bronze,GOLD,SILVER,TrialList2,E2,bronze,True,gold,silver,E2,e2_board2_words,Easy
stern-wind,high,high,blow,STERN,WIND,TrialList2,E2,blow,True,stern,wind,E2,e2_board2_words,Hard
stern-wind,low,low,brisk,STERN,WIND,TrialList2,E2,brisk,True,stern,wind,E2,e2_board2_words,Hard
stern-wind,high,low,air,STERN,WIND,TrialList2,E2,air,True,stern,wind,E2,e2_board2_words,Hard
stern-wind,low,high,weather,STERN,WIND,TrialList2,E2,weather,True,stern,wind,E2,e2_board2_words,Hard
sun-bowl,high,high,breakfast,SUN,BOWL,TrialList2,E2,breakfast,True,sun,bowl,E2,e2_board2_words,Medium
sun-bowl,low,low,ice cream,SUN,BOWL,TrialList2,E2,ice cream,True,sun,bowl,E2,e2_board2_words,Medium
sun-bowl,high,low,set,SUN,BOWL,TrialList2,E2,set,True,sun,bowl,E2,e2_board2_words,Medium
sun-bowl,low,high,plate,SUN,BOWL,TrialList2,E2,plate,True,sun,bowl,E2,e2_board2_words,Medium
holy-kind,high,high,good,HOLY,KIND,TrialList3,E2,good,True,holy,kind,E2,e2_board3_words,Medium
holy-kind,low,low,christian,HOLY,KIND,TrialList3,E2,Christian,True,holy,kind,E2,e2_board3_words,Medium
holy-kind,high,low,nice,HOLY,KIND,TrialList3,E2,nice,True,holy,kind,E2,e2_board3_words,Medium
holy-kind,low,high,saint,HOLY,KIND,TrialList3,E2,saint,True,holy,kind,E2,e2_board3_words,Medium
rude-regret,high,high,sorry,RUDE,REGRET,TrialList3,E2,sorry,True,rude,regret,E2,e2_board3_words,Hard
rude-regret,low,low,road rage,RUDE,REGRET,TrialList3,E2,road,True,rude,regret,E2,e2_board3_words,Hard
rude-regret,high,low,mean,RUDE,REGRET,TrialList3,E2,mean,True,rude,regret,E2,e2_board3_words,Hard
rude-regret,low,high,shame,RUDE,REGRET,TrialList3,E2,shame,True,rude,regret,E2,e2_board3_words,Hard
teeth-gums,high,high,mouth,TEETH,GUMS,TrialList3,E2,mouth,True,teeth,gums,E2,e2_board3_words,Easy
teeth-gums,low,low,gingivitis,TEETH,GUMS,TrialList3,E2,gingivitis,False,teeth,gums,E2,e2_board3_words,Easy
teeth-gums,high,low,brush,TEETH,GUMS,TrialList3,E2,brush,True,teeth,gums,E2,e2_board3_words,Easy
teeth-gums,low,high,floss,TEETH,GUMS,TrialList3,E2,floss,True,teeth,gums,E2,e2_board3_words,Easy
dream-bet,high,high,chance,DREAM,BET,TrialList4,E2,chance,True,dream,bet,E2,e2_board4_words,Medium
dream-bet,low,low,dopamine,DREAM,BET,TrialList4,E2,dopamine,True,dream,bet,E2,e2_board4_words,Medium
dream-bet,high,low,money,DREAM,BET,TrialList4,E2,money,True,dream,bet,E2,e2_board4_words,Medium
dream-bet,low,high,lottery,DREAM,BET,TrialList4,E2,lottery,True,dream,bet,E2,e2_board4_words,Medium
jump-leap,high,high,hop,JUMP,LEAP,TrialList4,E2,hop,True,jump,leap,E2,e2_board4_words,Easy
jump-leap,low,low,skydive,JUMP,LEAP,TrialList4,E2,sky,True,jump,leap,E2,e2_board4_words,Easy
jump-leap,high,low,move,JUMP,LEAP,TrialList4,E2,move,True,jump,leap,E2,e2_board4_words,Easy
jump-leap,low,high,trampoline,JUMP,LEAP,TrialList4,E2,trampoline,True,jump,leap,E2,e2_board4_words,Easy
travel-ankle,high,high,trip,TRAVEL,ANKLE,TrialList4,E2,trip,True,travel,ankle,E2,e2_board4_words,Hard
travel-ankle,low,low,globetrotter,TRAVEL,ANKLE,TrialList4,E2,globe,True,travel,ankle,E2,e2_board4_words,Hard
travel-ankle,high,low,break,TRAVEL,ANKLE,TrialList4,E2,break,True,travel,ankle,E2,e2_board4_words,Hard
travel-ankle,low,high,leg,TRAVEL,ANKLE,TrialList4,E2,leg,True,travel,ankle,E2,e2_board4_words,Hard
hand-birth,high,high,baby,HAND,BIRTH,TrialList5,E2,baby,True,hand,birth,E2,e2_board5_words,Medium
hand-birth,low,low,doula,HAND,BIRTH,TrialList5,E2,doula,False,hand,birth,E2,e2_board5_words,Medium
hand-birth,high,low,right,HAND,BIRTH,TrialList5,E2,right,True,hand,birth,E2,e2_board5_words,Medium
hand-birth,low,high,born,HAND,BIRTH,TrialList5,E2,born,True,hand,birth,E2,e2_board5_words,Medium
lion-tiger,high,high,animal,LION,TIGER,TrialList5,E2,animal,True,lion,tiger,E2,e2_board5_words,Easy
lion-tiger,low,low,mammal,LION,TIGER,TrialList5,E2,mammal,True,lion,tiger,E2,e2_board5_words,Easy
lion-tiger,high,low,cat,LION,TIGER,TrialList5,E2,cat,True,lion,tiger,E2,e2_board5_words,Easy
lion-tiger,low,high,feline,LION,TIGER,TrialList5,E2,feline,True,lion,tiger,E2,e2_board5_words,Easy
snake-ash,high,high,burn,SNAKE,ASH,TrialList5,E2,burn,True,snake,ash,E2,e2_board5_words,Hard
snake-ash,low,low,pokemon,SNAKE,ASH,TrialList5,E2,pokemon,False,snake,ash,E2,e2_board5_words,Hard
snake-ash,high,low,you,SNAKE,ASH,TrialList5,E2,you,True,snake,ash,E2,e2_board5_words,Hard
snake-ash,low,high,hiss,SNAKE,ASH,TrialList5,E2,hiss,True,snake,ash,E2,e2_board5_words,Hard
crust-boot,high,high,shoe,CRUST,BOOT,TrialList6,E2,shoe,True,crust,boot,E2,e2_board6_words,Hard
crust-boot,low,low,italy,CRUST,BOOT,TrialList6,E2,Italy,True,crust,boot,E2,e2_board6_words,Hard
crust-boot,high,low,old,CRUST,BOOT,TrialList6,E2,old,True,crust,boot,E2,e2_board6_words,Hard
crust-boot,low,high,footwear,CRUST,BOOT,TrialList6,E2,footwear,True,crust,boot,E2,e2_board6_words,Hard
elm-rock,high,high,tree,ELM,ROCK,TrialList6,E2,tree,True,elm,rock,E2,e2_board6_words,Medium
elm-rock,low,low,lichen,ELM,ROCK,TrialList6,E2,lichen,False,elm,rock,E2,e2_board6_words,Medium
elm-rock,high,low,hard,ELM,ROCK,TrialList6,E2,hard,True,elm,rock,E2,e2_board6_words,Medium
elm-rock,low,high,wood,ELM,ROCK,TrialList6,E2,wood,True,elm,rock,E2,e2_board6_words,Medium
sit-stand,high,high,still,SIT,STAND,TrialList6,E2,still,True,sit,stand,E2,e2_board6_words,Easy
sit-stand,low,low,symphony,SIT,STAND,TrialList6,E2,symphony,True,sit,stand,E2,e2_board6_words,Easy
sit-stand,high,low,move,SIT,STAND,TrialList6,E2,move,True,sit,stand,E2,e2_board6_words,Easy
sit-stand,low,high,chair,SIT,STAND,TrialList6,E2,chair,True,sit,stand,E2,e2_board6_words,Easy
east-short,high,high,small,EAST,SHORT,TrialList7,E2,small,True,east,short,E2,e2_board7_words,Hard
east-short,low,low,illinois,EAST,SHORT,TrialList7,E2,illinois,False,east,short,E2,e2_board7_words,Hard
east-short,high,low,turn,EAST,SHORT,TrialList7,E2,turn,True,east,short,E2,e2_board7_words,Hard
east-short,low,high,asian,EAST,SHORT,TrialList7,E2,Asian,True,east,short,E2,e2_board7_words,Hard
glass-cage,high,high,prison,GLASS,CAGE,TrialList7,E2,prison,True,glass,cage,E2,e2_board7_words,Medium
glass-cage,low,low,encase,GLASS,CAGE,TrialList7,E2,encase,False,glass,cage,E2,e2_board7_words,Medium
glass-cage,high,low,break,GLASS,CAGE,TrialList7,E2,break,True,glass,cage,E2,e2_board7_words,Medium
glass-cage,low,high,trap,GLASS,CAGE,TrialList7,E2,trap,True,glass,cage,E2,e2_board7_words,Medium
old-new,high,high,time,OLD,NEW,TrialList7,E2,time,True,old,new,E2,e2_board7_words,Easy
old-new,low,low,midlife,OLD,NEW,TrialList7,E2,midlife,False,old,new,E2,e2_board7_words,Easy
old-new,high,low,god,OLD,NEW,TrialList7,E2,God,True,old,new,E2,e2_board7_words,Easy
old-new,low,high,age,OLD,NEW,TrialList7,E2,age,True,old,new,E2,e2_board7_words,Easy
army-drum,high,high,beat,ARMY,DRUM,TrialList8,E2,beat,True,army,drum,E2,e2_board8_words,Medium
army-drum,low,low,marching band,ARMY,DRUM,TrialList8,E2,marching,True,army,drum,E2,e2_board8_words,Medium
army-drum,high,low,war,ARMY,DRUM,TrialList8,E2,war,True,army,drum,E2,e2_board8_words,Medium
army-drum,low,high,military,ARMY,DRUM,TrialList8,E2,military,True,army,drum,E2,e2_board8_words,Medium
giant-subtle,high,high,big,GIANT,SUBTLE,TrialList8,E2,big,True,giant,subtle,E2,e2_board8_words,Hard
giant-subtle,low,low,ninja,GIANT,SUBTLE,TrialList8,E2,ninja,True,giant,subtle,E2,e2_board8_words,Hard
giant-subtle,high,low,quiet,GIANT,SUBTLE,TrialList8,E2,quiet,True,giant,subtle,E2,e2_board8_words,Hard
giant-subtle,low,high,huge,GIANT,SUBTLE,TrialList8,E2,huge,True,giant,subtle,E2,e2_board8_words,Hard
happy-sad,high,high,feeling,HAPPY,SAD,TrialList8,E2,feeling,True,happy,sad,E2,e2_board8_words,Easy
happy-sad,low,low,bipolar,HAPPY,SAD,TrialList8,E2,bipolar,False,happy,sad,E2,e2_board8_words,Easy
happy-sad,high,low,marriage,HAPPY,SAD,TrialList8,E2,marriage,True,happy,sad,E2,e2_board8_words,Easy
happy-sad,low,high,emotion,HAPPY,SAD,TrialList8,E2,emotion,True,happy,sad,E2,e2_board8_words,Easy
candle-wick,high,high,fire,CANDLE,WICK,TrialList9,E2,fire,True,candle,wick,E2,e2_board9_words,Easy
candle-wick,low,low,melt,CANDLE,WICK,TrialList9,E2,melt,True,candle,wick,E2,e2_board9_words,Easy
candle-wick,high,low,light,CANDLE,WICK,TrialList9,E2,light,True,candle,wick,E2,e2_board9_words,Easy
candle-wick,low,high,flame,CANDLE,WICK,TrialList9,E2,flame,True,candle,wick,E2,e2_board9_words,Easy
olive-real,high,high,truth,OLIVE,REAL,TrialList9,E2,truth,True,olive,real,E2,e2_board9_words,Hard
olive-real,low,low,italian,OLIVE,REAL,TrialList9,E2,Italian,True,olive,real,E2,e2_board9_words,Hard
olive-real,high,low,eat,OLIVE,REAL,TrialList9,E2,eat,True,olive,real,E2,e2_board9_words,Hard
olive-real,low,high,genuine,OLIVE,REAL,TrialList9,E2,genuine,True,olive,real,E2,e2_board9_words,Hard
weird-trauma,high,high,crazy,WEIRD,TRAUMA,TrialList9,E2,crazy,True,weird,trauma,E2,e2_board9_words,Medium
weird-trauma,low,low,dysfunction,WEIRD,TRAUMA,TrialList9,E2,dysfunction,False,weird,trauma,E2,e2_board9_words,Medium
weird-trauma,high,low,you,WEIRD,TRAUMA,TrialList9,E2,you,True,weird,trauma,E2,e2_board9_words,Medium
weird-trauma,low,high,abnormal,WEIRD,TRAUMA,TrialList9,E2,abnormal,True,weird,trauma,E2,e2_board9_words,Medium
